CDR3,MT_pep,HLA_type
CATSSTGTGGGETQY,SLFNTVAML,HLA-A02:01
CASSVPGAGEETQY,LLFGYPVRV,HLA-A02:01
CATSSTGTGGGETQY,VLFNTVATL,HLA-A02:01
CATSSTGTGGGETQY,SVFNTVATL,HLA-A02:01
CASSVPGAGEETQY,LLFGYPVHV,HLA-A02:01
CASSVPGAGEETQY,LLFGYPVMV,HLA-A02:01
CASSFDAEAF,SVFNTVATL,HLA-A02:01
CATSSTGTGGGETQY,SQFNTVATL,HLA-A02:01
CVSSVDKGGTDTQY,IIKDYGKQMA,HLA-B42:01
CASSLSFGTEAFF,SMLGIGIYPV,HLA-A02:01
CASSLGQTNYGYTF,GADGVGKSAL,HLA-C05:01
CASSEDKGGGDTQY,IIKDYGKQMA,HLA-B42:01
CATSSTGTGGGETQY,FLFNTVATL,HLA-A02:01
CASSSPGQGNYEQY,LLFGYPVWV,HLA-A02:01
CASSFDAEAF,SLFWTVATL,HLA-A02:01
CATSSTGTGGGETQY,MLFNTVATL,HLA-A02:01
CASSLSFGTEAFF,ILEDRGFNQV,HLA-A02:01
CASSFDAEAF,SLFCTVATL,HLA-A02:01
CASSVPGAGEETQY,LLFGYPVDV,HLA-A02:01
CATSSTGTGGGETQY,SLPNTVATL,HLA-A02:01
CATSSTGTGGGETQY,PLFNTVATL,HLA-A02:01
CASTGTYGYT,KGFSPEVIPMF,HLA-B57:01
